"","x"
"1","VS"
"2","VS"
"3","Clean"
"4","BBS"
"5","VS"
"6","Clean"
"7","VS"
"8","Clean"
"9","VS"
"10","BBS"
"11","Clean"
"12","BBS"
"13","Clean"
"14","Clean"
"15","Clean"
"16","Clean"
"17","BBS"
"18","BBS"
"19","Clean"
"20","Clean"
"21","BBS"
"22","VS"
"23","BBS"
"24","BBS"
"25","Clean"
"26","VS"
"27","Clean"
"28","VS"
"29","Clean"
"30","VS"
"31","Clean"
"32","Clean"
"33","Clean"
"34","BBS"
"35","Clean"
"36","BBS"
"37","Clean"
"38","Clean"
"39","VS"
"40","VS"
"41","VS"
"42","Clean"
"43","BBS"
"44","BBS"
"45","VS"
"46","BBS"
"47","VS"
"48","Clean"
"49","BBS"
"50","Clean"
"51","BBS"
"52","BBS"
"53","VS"
"54","Clean"
"55","BBS"
"56","Clean"
"57","Clean"
"58","BBS"
"59","BBS"
"60","BBS"
"61","VS"
"62","BBS"
"63","VS"
"64","Clean"
"65","BBS"
"66","Clean"
"67","Clean"
"68","BBS"
"69","VS"
"70","Clean"
"71","VS"
"72","BBS"
"73","Clean"
"74","Clean"
"75","BBS"
"76","Clean"
"77","VS"
"78","BBS"
"79","VS"
"80","Clean"
"81","BBS"
"82","BBS"
"83","Clean"
"84","VS"
"85","Clean"
"86","Clean"
"87","Clean"
"88","VS"
"89","Clean"
"90","Clean"
"91","VS"
"92","Clean"
"93","Clean"
"94","VS"
"95","VS"
"96","VS"
"97","VS"
"98","Clean"
"99","Clean"
"100","BBS"
"101","BBS"
"102","Clean"
"103","VS"
"104","BBS"
"105","BBS"
"106","BBS"
"107","Clean"
"108","VS"
"109","Clean"
"110","BBS"
"111","Clean"
"112","BBS"
"113","Clean"
"114","VS"
"115","Clean"
"116","Clean"
"117","VS"
"118","BBS"
"119","VS"
"120","Clean"
"121","BBS"
"122","Clean"
"123","BBS"
"124","Clean"
"125","BBS"
"126","BBS"
"127","Clean"
"128","VS"
"129","Clean"
"130","Clean"
"131","Clean"
"132","Clean"
"133","Clean"
"134","VS"
"135","BBS"
"136","BBS"
"137","Clean"
"138","VS"
"139","Clean"
"140","BBS"
"141","Clean"
"142","Clean"
"143","VS"
"144","VS"
"145","VS"
"146","Clean"
"147","Clean"
"148","BBS"
"149","VS"
"150","VS"
"151","Clean"
"152","Clean"
"153","Clean"
"154","BBS"
"155","VS"
"156","VS"
"157","Clean"
"158","BBS"
"159","VS"
"160","VS"
"161","Clean"
"162","Clean"
"163","Clean"
"164","Clean"
"165","BBS"
"166","Clean"
"167","Clean"
"168","VS"
"169","BBS"
"170","BBS"
"171","BBS"
"172","BBS"
"173","Clean"
"174","Clean"
"175","Clean"
"176","VS"
"177","Clean"
"178","BBS"
"179","BBS"
"180","Clean"
"181","Clean"
"182","VS"
"183","Clean"
"184","BBS"
"185","BBS"
"186","Clean"
"187","Clean"
"188","BBS"
"189","VS"
"190","BBS"
"191","Clean"
"192","Clean"
"193","VS"
"194","BBS"
"195","VS"
"196","Clean"
"197","Clean"
"198","VS"
"199","VS"
"200","Clean"
"201","VS"
"202","BBS"
"203","BBS"
"204","VS"
"205","VS"
"206","Clean"
"207","Clean"
"208","Clean"
"209","VS"
"210","Clean"
"211","Clean"
"212","VS"
"213","Clean"
"214","VS"
"215","BBS"
"216","VS"
"217","BBS"
"218","VS"
"219","Clean"
"220","VS"
"221","BBS"
"222","Clean"
"223","VS"
"224","Clean"
"225","VS"
"226","VS"
"227","VS"
"228","VS"
"229","Clean"
"230","VS"
"231","VS"
"232","Clean"
"233","Clean"
"234","Clean"
"235","VS"
"236","BBS"
"237","VS"
"238","Clean"
"239","Clean"
"240","Clean"
"241","VS"
"242","BBS"
"243","Clean"
"244","Clean"
"245","VS"
"246","BBS"
"247","BBS"
"248","VS"
"249","Clean"
"250","Clean"
"251","Clean"
"252","Clean"
"253","BBS"
"254","Clean"
"255","BBS"
"256","Clean"
"257","Clean"
"258","Clean"
"259","BBS"
"260","VS"
"261","Clean"
"262","Clean"
"263","BBS"
"264","Clean"
"265","BBS"
"266","BBS"
"267","Clean"
"268","Clean"
"269","Clean"
"270","VS"
"271","BBS"
"272","Clean"
"273","Clean"
"274","VS"
"275","Clean"
"276","BBS"
"277","BBS"
"278","VS"
"279","VS"
"280","VS"
"281","VS"
"282","BBS"
"283","BBS"
"284","BBS"
"285","Clean"
"286","Clean"
"287","VS"
"288","BBS"
"289","BBS"
"290","VS"
"291","VS"
"292","Clean"
"293","BBS"
"294","Clean"
"295","Clean"
"296","Clean"
"297","Clean"
"298","BBS"
"299","VS"
"300","BBS"
"301","Clean"
"302","Clean"
"303","Clean"
"304","Clean"
"305","Clean"
"306","Clean"
"307","VS"
"308","BBS"
"309","VS"
"310","Clean"
"311","Clean"
"312","Clean"
"313","VS"
"314","VS"
"315","Clean"
"316","VS"
"317","Clean"
"318","BBS"
"319","BBS"
"320","Clean"
"321","Clean"
"322","Clean"
"323","Clean"
"324","Clean"
"325","Clean"
"326","BBS"
"327","BBS"
"328","Clean"
"329","VS"
"330","Clean"
"331","Clean"
"332","VS"
"333","VS"
"334","Clean"
"335","BBS"
"336","BBS"
"337","VS"
"338","Clean"
"339","Clean"
"340","Clean"
"341","BBS"
"342","Clean"
"343","Clean"
"344","Clean"
"345","Clean"
"346","Clean"
"347","BBS"
"348","VS"
"349","VS"
"350","VS"
"351","BBS"
"352","VS"
"353","Clean"
"354","BBS"
"355","BBS"
"356","VS"
"357","VS"
"358","Clean"
"359","Clean"
"360","Clean"
"361","Clean"
"362","Clean"
"363","BBS"
"364","VS"
"365","BBS"
"366","Clean"
"367","BBS"
"368","Clean"
"369","BBS"
"370","VS"
"371","Clean"
"372","Clean"
"373","VS"
"374","VS"
"375","Clean"
"376","BBS"
"377","VS"
"378","BBS"
"379","VS"
"380","Clean"
"381","BBS"
"382","BBS"
"383","Clean"
"384","BBS"
"385","Clean"
"386","Clean"
"387","VS"
"388","BBS"
"389","VS"
"390","BBS"
"391","Clean"
"392","Clean"
"393","Clean"
"394","VS"
"395","VS"
"396","Clean"
"397","Clean"
"398","Clean"
"399","VS"
"400","BBS"
"401","BBS"
"402","Clean"
"403","Clean"
"404","Clean"
"405","BBS"
"406","Clean"
"407","BBS"
"408","VS"
"409","VS"
"410","VS"
"411","BBS"
"412","VS"
"413","Clean"
"414","Clean"
"415","Clean"
"416","BBS"
"417","VS"
"418","BBS"
"419","BBS"
"420","VS"
"421","BBS"
"422","BBS"
"423","BBS"
"424","Clean"
"425","Clean"
"426","BBS"
"427","Clean"
"428","Clean"
"429","Clean"
"430","Clean"
"431","Clean"
"432","BBS"
"433","Clean"
"434","Clean"
"435","Clean"
"436","Clean"
"437","VS"
"438","VS"
"439","VS"
"440","Clean"
"441","Clean"
"442","Clean"
"443","Clean"
"444","VS"
"445","Clean"
"446","Clean"
"447","VS"
"448","Clean"
"449","Clean"
"450","BBS"
"451","VS"
"452","BBS"
"453","Clean"
"454","VS"
"455","BBS"
"456","VS"
"457","Clean"
"458","Clean"
"459","Clean"
"460","Clean"
"461","VS"
"462","VS"
"463","Clean"
"464","VS"
"465","Clean"
"466","VS"
"467","BBS"
"468","VS"
"469","BBS"
"470","BBS"
"471","BBS"
"472","Clean"
"473","Clean"
"474","BBS"
"475","Clean"
"476","Clean"
"477","BBS"
"478","BBS"
"479","Clean"
"480","VS"
"481","BBS"
"482","Clean"
"483","BBS"
"484","VS"
"485","Clean"
"486","Clean"
"487","BBS"
"488","BBS"
"489","Clean"
"490","BBS"
"491","BBS"
"492","Clean"
"493","Clean"
"494","Clean"
"495","BBS"
"496","VS"
"497","Clean"
"498","Clean"
"499","Clean"
"500","VS"
"501","VS"
"502","Clean"
"503","Clean"
"504","Clean"
"505","Clean"
"506","VS"
"507","BBS"
"508","BBS"
"509","VS"
"510","Clean"
"511","BBS"
"512","VS"
"513","Clean"
"514","BBS"
"515","Clean"
"516","Clean"
"517","BBS"
"518","Clean"
"519","Clean"
"520","Clean"
"521","BBS"
"522","BBS"
"523","BBS"
"524","VS"
"525","VS"
"526","Clean"
"527","VS"
"528","Clean"
"529","Clean"
"530","BBS"
"531","VS"
"532","VS"
"533","Clean"
"534","BBS"
"535","Clean"
"536","BBS"
"537","Clean"
"538","Clean"
"539","VS"
"540","BBS"
"541","Clean"
"542","VS"
"543","Clean"
"544","VS"
"545","VS"
"546","BBS"
"547","BBS"
"548","Clean"
"549","Clean"
"550","BBS"
"551","Clean"
"552","Clean"
"553","Clean"
"554","VS"
"555","Clean"
"556","Clean"
"557","VS"
"558","Clean"
"559","Clean"
"560","Clean"
"561","VS"
"562","BBS"
"563","Clean"
"564","VS"
"565","Clean"
"566","Clean"
"567","Clean"
"568","Clean"
"569","Clean"
"570","VS"
"571","Clean"
"572","Clean"
"573","Clean"
"574","Clean"
"575","Clean"
"576","Clean"
"577","Clean"
"578","VS"
"579","Clean"
"580","VS"
"581","BBS"
"582","Clean"
"583","Clean"
"584","BBS"
"585","Clean"
"586","BBS"
"587","Clean"
"588","Clean"
"589","Clean"
"590","VS"
"591","Clean"
"592","Clean"
"593","Clean"
"594","VS"
"595","VS"
"596","BBS"
"597","BBS"
"598","Clean"
"599","VS"
"600","Clean"
"601","Clean"
"602","Clean"
"603","Clean"
"604","BBS"
"605","BBS"
"606","Clean"
"607","Clean"
"608","Clean"
"609","VS"
"610","VS"
"611","BBS"
"612","VS"
"613","BBS"
"614","BBS"
"615","BBS"
"616","Clean"
"617","Clean"
"618","Clean"
"619","Clean"
"620","Clean"
"621","VS"
"622","Clean"
"623","Clean"
"624","VS"
"625","BBS"
"626","VS"
"627","VS"
"628","Clean"
"629","Clean"
"630","VS"
"631","BBS"
"632","VS"
"633","VS"
"634","Clean"
"635","Clean"
"636","Clean"
"637","Clean"
"638","Clean"
"639","BBS"
"640","Clean"
"641","VS"
"642","BBS"
"643","VS"
"644","BBS"
"645","BBS"
"646","Clean"
"647","Clean"
"648","BBS"
"649","Clean"
"650","BBS"
"651","Clean"
"652","Clean"
"653","BBS"
"654","BBS"
"655","BBS"
"656","Clean"
"657","VS"
"658","Clean"
"659","Clean"
"660","Clean"
"661","VS"
"662","Clean"
"663","Clean"
"664","VS"
"665","BBS"
"666","BBS"
"667","Clean"
"668","BBS"
"669","VS"
"670","VS"
"671","Clean"
"672","VS"
"673","VS"
"674","Clean"
"675","BBS"
"676","Clean"
"677","Clean"
"678","Clean"
"679","Clean"
"680","BBS"
"681","Clean"
"682","Clean"
"683","VS"
"684","Clean"
"685","VS"
"686","Clean"
"687","Clean"
"688","Clean"
"689","Clean"
"690","Clean"
"691","BBS"
"692","VS"
"693","BBS"
"694","Clean"
"695","BBS"
"696","Clean"
"697","BBS"
"698","BBS"
"699","Clean"
"700","BBS"
"701","Clean"
"702","Clean"
"703","Clean"
"704","Clean"
"705","VS"
"706","VS"
"707","Clean"
"708","Clean"
"709","Clean"
"710","Clean"
"711","VS"
"712","VS"
"713","Clean"
"714","VS"
"715","Clean"
"716","Clean"
"717","BBS"
"718","Clean"
"719","Clean"
"720","BBS"
"721","Clean"
"722","Clean"
"723","Clean"
"724","Clean"
"725","Clean"
"726","BBS"
"727","Clean"
"728","Clean"
"729","Clean"
"730","Clean"
"731","Clean"
"732","VS"
"733","Clean"
"734","Clean"
"735","Clean"
"736","Clean"
"737","Clean"
"738","Clean"
"739","Clean"
"740","Clean"
"741","Clean"
"742","Clean"
"743","Clean"
"744","VS"
"745","VS"
"746","Clean"
"747","Clean"
"748","Clean"
"749","Clean"
"750","Clean"
"751","BBS"
"752","BBS"
"753","Clean"
"754","BBS"
"755","BBS"
"756","VS"
"757","VS"
"758","VS"
"759","VS"
"760","Clean"
"761","Clean"
"762","Clean"
"763","Clean"
"764","Clean"
"765","VS"
"766","BBS"
"767","Clean"
"768","VS"
"769","BBS"
"770","VS"
"771","BBS"
"772","Clean"
"773","BBS"
"774","VS"
"775","Clean"
"776","BBS"
"777","Clean"
"778","VS"
"779","Clean"
"780","Clean"
"781","VS"
"782","Clean"
"783","BBS"
"784","Clean"
"785","BBS"
"786","Clean"
"787","BBS"
"788","Clean"
"789","VS"
"790","Clean"
"791","VS"
"792","BBS"
"793","BBS"
"794","BBS"
"795","VS"
"796","VS"
"797","VS"
"798","Clean"
"799","BBS"
"800","Clean"
"801","VS"
"802","Clean"
"803","Clean"
"804","BBS"
"805","BBS"
"806","VS"
"807","Clean"
"808","Clean"
"809","Clean"
"810","Clean"
"811","BBS"
"812","Clean"
"813","BBS"
"814","VS"
"815","BBS"
"816","BBS"
"817","VS"
"818","Clean"
"819","Clean"
"820","BBS"
"821","VS"
"822","VS"
"823","Clean"
"824","Clean"
"825","Clean"
"826","Clean"
"827","VS"
"828","VS"
"829","BBS"
"830","Clean"
"831","Clean"
"832","VS"
"833","Clean"
"834","VS"
"835","Clean"
"836","Clean"
"837","VS"
"838","Clean"
"839","BBS"
"840","BBS"
"841","Clean"
"842","VS"
"843","BBS"
"844","Clean"
"845","Clean"
"846","VS"
"847","BBS"
"848","Clean"
"849","BBS"
"850","VS"
"851","VS"
"852","VS"
"853","VS"
"854","Clean"
"855","Clean"
"856","Clean"
"857","Clean"
"858","Clean"
"859","Clean"
"860","VS"
"861","Clean"
"862","Clean"
"863","VS"
"864","Clean"
"865","Clean"
"866","Clean"
"867","Clean"
"868","BBS"
"869","Clean"
"870","BBS"
"871","BBS"
"872","Clean"
"873","Clean"
"874","Clean"
"875","Clean"
"876","Clean"
"877","Clean"
"878","Clean"
"879","VS"
"880","BBS"
"881","Clean"
"882","BBS"
"883","BBS"
"884","VS"
"885","BBS"
"886","VS"
"887","VS"
"888","VS"
"889","VS"
"890","Clean"
"891","Clean"
"892","VS"
"893","Clean"
"894","BBS"
"895","Clean"
"896","VS"
"897","VS"
"898","BBS"
"899","Clean"
"900","Clean"
"901","Clean"
"902","Clean"
"903","Clean"
"904","BBS"
"905","BBS"
"906","Clean"
"907","Clean"
"908","BBS"
"909","Clean"
"910","VS"
"911","VS"
"912","Clean"
"913","Clean"
"914","BBS"
"915","Clean"
"916","VS"
"917","BBS"
"918","VS"
"919","Clean"
"920","Clean"
"921","VS"
"922","BBS"
"923","VS"
"924","Clean"
"925","Clean"
"926","VS"
"927","BBS"
"928","BBS"
"929","BBS"
"930","Clean"
"931","VS"
"932","Clean"
"933","BBS"
"934","BBS"
"935","Clean"
"936","Clean"
"937","Clean"
"938","BBS"
"939","BBS"
"940","Clean"
"941","Clean"
"942","VS"
"943","VS"
"944","VS"
"945","BBS"
"946","VS"
"947","VS"
"948","BBS"
"949","Clean"
"950","VS"
"951","BBS"
"952","BBS"
"953","Clean"
"954","Clean"
"955","Clean"
"956","Clean"
"957","Clean"
"958","Clean"
"959","VS"
"960","Clean"
"961","Clean"
"962","BBS"
"963","VS"
"964","BBS"
"965","Clean"
"966","VS"
"967","Clean"
"968","BBS"
"969","VS"
"970","VS"
"971","BBS"
"972","Clean"
"973","Clean"
"974","BBS"
"975","BBS"
"976","BBS"
"977","BBS"
"978","Clean"
"979","BBS"
"980","Clean"
"981","VS"
"982","BBS"
"983","Clean"
"984","BBS"
"985","VS"
"986","BBS"
"987","Clean"
"988","Clean"
"989","Clean"
"990","BBS"
"991","VS"
"992","VS"
"993","Clean"
"994","VS"
"995","VS"
"996","BBS"
"997","Clean"
"998","VS"
"999","VS"
"1000","BBS"
"1001","VS"
"1002","VS"
"1003","Clean"
"1004","VS"
"1005","Clean"
"1006","Clean"
"1007","Clean"
"1008","BBS"
"1009","Clean"
"1010","BBS"
"1011","BBS"
"1012","VS"
"1013","BBS"
"1014","Clean"
"1015","VS"
"1016","Clean"
"1017","VS"
"1018","Clean"
"1019","BBS"
"1020","BBS"
"1021","Clean"
"1022","VS"
"1023","VS"
"1024","BBS"
"1025","Clean"
"1026","BBS"
"1027","Clean"
"1028","BBS"
"1029","Clean"
"1030","Clean"
"1031","BBS"
"1032","Clean"
"1033","VS"
"1034","Clean"
"1035","VS"
"1036","Clean"
"1037","Clean"
"1038","VS"
"1039","VS"
"1040","BBS"
"1041","BBS"
"1042","Clean"
"1043","BBS"
"1044","Clean"
"1045","BBS"
"1046","BBS"
"1047","Clean"
"1048","VS"
"1049","BBS"
"1050","VS"
"1051","VS"
"1052","BBS"
"1053","Clean"
"1054","Clean"
"1055","BBS"
"1056","Clean"
"1057","Clean"
"1058","VS"
"1059","VS"
"1060","Clean"
"1061","VS"
"1062","BBS"
"1063","BBS"
"1064","Clean"
"1065","Clean"
"1066","VS"
"1067","Clean"
"1068","Clean"
"1069","BBS"
"1070","BBS"
"1071","Clean"
"1072","Clean"
"1073","Clean"
"1074","VS"
"1075","Clean"
"1076","Clean"
"1077","BBS"
"1078","Clean"
"1079","BBS"
"1080","Clean"
"1081","Clean"
"1082","VS"
"1083","Clean"
"1084","VS"
"1085","Clean"
"1086","Clean"
"1087","VS"
"1088","VS"
"1089","BBS"
"1090","Clean"
"1091","VS"
"1092","VS"
"1093","BBS"
"1094","Clean"
"1095","VS"
"1096","Clean"
"1097","VS"
"1098","Clean"
"1099","Clean"
"1100","VS"
"1101","Clean"
"1102","Clean"
"1103","VS"
"1104","Clean"
"1105","Clean"
"1106","VS"
"1107","BBS"
"1108","Clean"
"1109","Clean"
"1110","Clean"
"1111","VS"
"1112","BBS"
"1113","Clean"
"1114","BBS"
"1115","Clean"
"1116","BBS"
"1117","VS"
"1118","Clean"
"1119","Clean"
"1120","Clean"
"1121","Clean"
"1122","Clean"
"1123","BBS"
"1124","VS"
"1125","Clean"
"1126","Clean"
"1127","Clean"
"1128","Clean"
"1129","Clean"
"1130","Clean"
"1131","VS"
"1132","Clean"
"1133","BBS"
"1134","Clean"
"1135","BBS"
"1136","Clean"
"1137","Clean"
"1138","Clean"
"1139","BBS"
"1140","Clean"
"1141","VS"
"1142","VS"
"1143","Clean"
"1144","BBS"
"1145","Clean"
"1146","Clean"
"1147","Clean"
"1148","Clean"
"1149","BBS"
"1150","BBS"
"1151","BBS"
"1152","Clean"
"1153","Clean"
"1154","Clean"
"1155","Clean"
"1156","VS"
"1157","Clean"
"1158","VS"
"1159","VS"
"1160","Clean"
"1161","BBS"
"1162","VS"
"1163","Clean"
"1164","BBS"
"1165","BBS"
"1166","BBS"
"1167","Clean"
"1168","BBS"
"1169","BBS"
"1170","VS"
"1171","VS"
"1172","Clean"
"1173","Clean"
"1174","BBS"
"1175","BBS"
"1176","Clean"
"1177","Clean"
"1178","Clean"
"1179","Clean"
"1180","VS"
"1181","BBS"
"1182","Clean"
"1183","VS"
"1184","Clean"
"1185","BBS"
"1186","Clean"
"1187","VS"
"1188","BBS"
"1189","Clean"
"1190","VS"
"1191","Clean"
"1192","Clean"
"1193","BBS"
"1194","Clean"
"1195","BBS"
"1196","Clean"
"1197","Clean"
"1198","VS"
"1199","Clean"
"1200","Clean"
"1201","Clean"
"1202","VS"
"1203","Clean"
"1204","Clean"
"1205","VS"
"1206","VS"
"1207","BBS"
"1208","BBS"
"1209","BBS"
"1210","VS"
"1211","Clean"
"1212","BBS"
"1213","Clean"
"1214","BBS"
"1215","BBS"
"1216","BBS"
"1217","Clean"
"1218","Clean"
"1219","Clean"
"1220","BBS"
"1221","Clean"
"1222","Clean"
"1223","Clean"
"1224","Clean"
"1225","Clean"
"1226","VS"
"1227","Clean"
"1228","VS"
"1229","Clean"
"1230","Clean"
"1231","VS"
"1232","VS"
"1233","Clean"
"1234","Clean"
"1235","Clean"
"1236","Clean"
"1237","Clean"
"1238","VS"
"1239","Clean"
"1240","Clean"
"1241","BBS"
"1242","VS"
"1243","VS"
"1244","Clean"
"1245","Clean"
"1246","BBS"
"1247","Clean"
"1248","Clean"
"1249","BBS"
"1250","Clean"
"1251","VS"
"1252","VS"
"1253","Clean"
"1254","Clean"
"1255","BBS"
"1256","BBS"
"1257","Clean"
"1258","BBS"
"1259","Clean"
"1260","BBS"
"1261","Clean"
"1262","Clean"
"1263","VS"
"1264","BBS"
"1265","VS"
"1266","Clean"
"1267","Clean"
"1268","BBS"
"1269","BBS"
"1270","BBS"
"1271","Clean"
"1272","Clean"
"1273","Clean"
"1274","VS"
"1275","Clean"
"1276","Clean"
"1277","Clean"
"1278","VS"
"1279","VS"
"1280","Clean"
"1281","BBS"
"1282","BBS"
"1283","Clean"
"1284","Clean"
"1285","BBS"
"1286","BBS"
"1287","BBS"
"1288","Clean"
"1289","BBS"
"1290","BBS"
"1291","Clean"
"1292","Clean"
"1293","Clean"
"1294","BBS"
"1295","Clean"
"1296","Clean"
"1297","Clean"
"1298","BBS"
"1299","Clean"
"1300","Clean"
"1301","VS"
"1302","Clean"
"1303","VS"
"1304","VS"
"1305","Clean"
"1306","Clean"
"1307","Clean"
"1308","Clean"
"1309","Clean"
"1310","Clean"
"1311","Clean"
"1312","Clean"
"1313","Clean"
"1314","Clean"
"1315","Clean"
"1316","Clean"
"1317","BBS"
"1318","BBS"
"1319","VS"
"1320","Clean"
"1321","Clean"
"1322","BBS"
"1323","VS"
"1324","Clean"
"1325","BBS"
"1326","Clean"
"1327","Clean"
"1328","Clean"
"1329","Clean"
"1330","BBS"
"1331","BBS"
"1332","Clean"
"1333","VS"
"1334","BBS"
"1335","Clean"
"1336","Clean"
"1337","BBS"
"1338","Clean"
"1339","Clean"
"1340","Clean"
"1341","VS"
"1342","Clean"
"1343","Clean"
"1344","BBS"
"1345","Clean"
"1346","Clean"
"1347","VS"
"1348","BBS"
"1349","Clean"
"1350","Clean"
"1351","BBS"
"1352","BBS"
"1353","VS"
"1354","Clean"
"1355","VS"
"1356","Clean"
"1357","Clean"
"1358","Clean"
"1359","VS"
"1360","Clean"
"1361","VS"
"1362","BBS"
"1363","Clean"
"1364","VS"
"1365","VS"
"1366","Clean"
"1367","VS"
"1368","Clean"
"1369","VS"
"1370","VS"
"1371","Clean"
"1372","Clean"
"1373","BBS"
"1374","BBS"
"1375","Clean"
"1376","BBS"
"1377","VS"
"1378","BBS"
"1379","Clean"
"1380","Clean"
"1381","VS"
"1382","Clean"
"1383","Clean"
"1384","VS"
"1385","BBS"
"1386","BBS"
"1387","Clean"
"1388","VS"
"1389","Clean"
"1390","Clean"
"1391","Clean"
"1392","Clean"
"1393","Clean"
"1394","Clean"
"1395","VS"
"1396","Clean"
"1397","Clean"
"1398","Clean"
"1399","VS"
"1400","Clean"
"1401","Clean"
"1402","Clean"
"1403","BBS"
"1404","Clean"
"1405","Clean"
"1406","Clean"
"1407","Clean"
"1408","BBS"
"1409","VS"
"1410","VS"
"1411","BBS"
"1412","VS"
"1413","Clean"
"1414","VS"
"1415","Clean"
"1416","VS"
"1417","VS"
"1418","BBS"
"1419","Clean"
"1420","BBS"
"1421","VS"
"1422","Clean"
"1423","BBS"
"1424","Clean"
"1425","VS"
"1426","Clean"
"1427","Clean"
"1428","BBS"
"1429","BBS"
"1430","BBS"
"1431","Clean"
"1432","Clean"
"1433","Clean"
"1434","Clean"
"1435","BBS"
"1436","BBS"
"1437","BBS"
"1438","Clean"
"1439","Clean"
"1440","Clean"
"1441","Clean"
"1442","Clean"
"1443","BBS"
"1444","Clean"
"1445","VS"
"1446","Clean"
"1447","Clean"
"1448","Clean"
"1449","BBS"
"1450","VS"
"1451","Clean"
"1452","BBS"
"1453","Clean"
"1454","Clean"
"1455","BBS"
"1456","VS"
"1457","Clean"
"1458","BBS"
"1459","Clean"
"1460","Clean"
"1461","Clean"
"1462","Clean"
"1463","BBS"
"1464","Clean"
"1465","Clean"
"1466","BBS"
"1467","Clean"
"1468","Clean"
"1469","Clean"
"1470","Clean"
"1471","VS"
"1472","Clean"
"1473","BBS"
"1474","Clean"
"1475","VS"
"1476","Clean"
"1477","BBS"
"1478","Clean"
"1479","Clean"
"1480","Clean"
"1481","Clean"
"1482","Clean"
"1483","Clean"
"1484","Clean"
"1485","Clean"
"1486","Clean"
"1487","Clean"
"1488","Clean"
"1489","BBS"
"1490","VS"
"1491","Clean"
"1492","BBS"
"1493","VS"
"1494","VS"
"1495","BBS"
"1496","VS"
"1497","VS"
"1498","VS"
"1499","Clean"
"1500","VS"
"1501","Clean"
"1502","BBS"
"1503","Clean"
"1504","BBS"
"1505","BBS"
"1506","BBS"
"1507","Clean"
"1508","BBS"
"1509","BBS"
"1510","Clean"
"1511","BBS"
"1512","Clean"
"1513","Clean"
"1514","BBS"
"1515","VS"
"1516","Clean"
"1517","VS"
"1518","Clean"
"1519","Clean"
"1520","VS"
"1521","VS"
"1522","VS"
"1523","Clean"
"1524","VS"
"1525","Clean"
"1526","Clean"
"1527","Clean"
"1528","Clean"
"1529","BBS"
"1530","Clean"
"1531","BBS"
"1532","BBS"
"1533","Clean"
"1534","Clean"
"1535","BBS"
"1536","VS"
"1537","Clean"
"1538","Clean"
"1539","Clean"
"1540","Clean"
"1541","VS"
"1542","Clean"
"1543","Clean"
"1544","VS"
"1545","Clean"
"1546","BBS"
"1547","BBS"
"1548","Clean"
"1549","VS"
"1550","Clean"
"1551","VS"
"1552","BBS"
"1553","VS"
"1554","Clean"
"1555","BBS"
"1556","Clean"
"1557","Clean"
"1558","VS"
"1559","BBS"
"1560","VS"
"1561","VS"
"1562","BBS"
"1563","VS"
"1564","Clean"
"1565","Clean"
"1566","VS"
"1567","Clean"
"1568","VS"
"1569","VS"
"1570","VS"
"1571","Clean"
"1572","BBS"
"1573","Clean"
"1574","Clean"
"1575","BBS"
"1576","Clean"
"1577","Clean"
"1578","Clean"
"1579","VS"
"1580","BBS"
"1581","Clean"
"1582","Clean"
"1583","BBS"
"1584","BBS"
"1585","BBS"
"1586","Clean"
"1587","VS"
"1588","Clean"
"1589","Clean"
"1590","Clean"
"1591","VS"
"1592","VS"
"1593","Clean"
"1594","Clean"
"1595","VS"
"1596","BBS"
"1597","VS"
"1598","Clean"
"1599","VS"
"1600","Clean"
"1601","VS"
"1602","BBS"
"1603","Clean"
"1604","Clean"
"1605","BBS"
"1606","Clean"
"1607","VS"
"1608","Clean"
"1609","VS"
"1610","Clean"
"1611","VS"
"1612","BBS"
"1613","BBS"
"1614","BBS"
"1615","BBS"
"1616","VS"
"1617","Clean"
"1618","VS"
"1619","Clean"
"1620","VS"
"1621","Clean"
"1622","VS"
"1623","Clean"
"1624","Clean"
"1625","BBS"
"1626","BBS"
"1627","VS"
"1628","Clean"
"1629","VS"
"1630","Clean"
"1631","Clean"
"1632","BBS"
"1633","BBS"
"1634","BBS"
"1635","Clean"
"1636","Clean"
"1637","Clean"
"1638","BBS"
"1639","Clean"
"1640","Clean"
"1641","Clean"
"1642","BBS"
"1643","BBS"
"1644","BBS"
"1645","Clean"
"1646","VS"
"1647","Clean"
"1648","Clean"
"1649","Clean"
"1650","Clean"
"1651","VS"
"1652","VS"
"1653","VS"
"1654","Clean"
"1655","Clean"
"1656","VS"
"1657","Clean"
"1658","Clean"
"1659","VS"
"1660","VS"
"1661","BBS"
"1662","Clean"
"1663","Clean"
"1664","Clean"
"1665","BBS"
"1666","VS"
"1667","Clean"
"1668","Clean"
"1669","VS"
"1670","BBS"
"1671","Clean"
"1672","Clean"
"1673","BBS"
"1674","Clean"
"1675","Clean"
"1676","BBS"
"1677","Clean"
"1678","BBS"
"1679","Clean"
"1680","Clean"
"1681","Clean"
"1682","Clean"
"1683","Clean"
"1684","Clean"
"1685","VS"
"1686","Clean"
"1687","Clean"
"1688","VS"
"1689","VS"
"1690","Clean"
"1691","VS"
"1692","Clean"
"1693","VS"
"1694","Clean"
"1695","Clean"
"1696","BBS"
"1697","Clean"
"1698","Clean"
"1699","Clean"
"1700","Clean"
"1701","BBS"
"1702","VS"
"1703","VS"
"1704","Clean"
"1705","Clean"
"1706","Clean"
"1707","VS"
"1708","Clean"
"1709","Clean"
"1710","VS"
"1711","Clean"
"1712","VS"
"1713","Clean"
"1714","Clean"
"1715","Clean"
"1716","BBS"
"1717","Clean"
"1718","BBS"
"1719","Clean"
"1720","VS"
"1721","BBS"
"1722","BBS"
"1723","BBS"
"1724","Clean"
"1725","BBS"
"1726","BBS"
"1727","BBS"
"1728","BBS"
"1729","VS"
"1730","Clean"
"1731","Clean"
"1732","Clean"
"1733","BBS"
"1734","VS"
"1735","BBS"
"1736","BBS"
"1737","Clean"
"1738","BBS"
"1739","VS"
"1740","Clean"
"1741","VS"
"1742","BBS"
"1743","BBS"
"1744","Clean"
"1745","Clean"
"1746","Clean"
"1747","BBS"
"1748","VS"
"1749","BBS"
"1750","Clean"
"1751","VS"
"1752","BBS"
"1753","Clean"
"1754","Clean"
"1755","Clean"
"1756","Clean"
"1757","Clean"
"1758","VS"
"1759","VS"
"1760","BBS"
"1761","VS"
"1762","Clean"
"1763","Clean"
"1764","Clean"
"1765","Clean"
"1766","VS"
"1767","BBS"
"1768","BBS"
"1769","VS"
"1770","Clean"
"1771","Clean"
"1772","Clean"
"1773","Clean"
"1774","Clean"
"1775","Clean"
"1776","Clean"
"1777","VS"
"1778","Clean"
"1779","Clean"
"1780","Clean"
"1781","BBS"
"1782","Clean"
"1783","VS"
"1784","VS"
"1785","Clean"
"1786","Clean"
"1787","BBS"
"1788","Clean"
"1789","Clean"
"1790","BBS"
"1791","BBS"
"1792","VS"
"1793","VS"
"1794","Clean"
"1795","BBS"
"1796","BBS"
"1797","BBS"
"1798","BBS"
"1799","Clean"
"1800","BBS"
"1801","Clean"
"1802","Clean"
"1803","Clean"
"1804","VS"
"1805","BBS"
"1806","BBS"
"1807","Clean"
"1808","BBS"
"1809","VS"
"1810","BBS"
"1811","Clean"
"1812","BBS"
"1813","Clean"
"1814","Clean"
"1815","VS"
"1816","BBS"
"1817","Clean"
"1818","BBS"
"1819","VS"
"1820","VS"
"1821","Clean"
"1822","Clean"
"1823","VS"
"1824","Clean"
"1825","Clean"
"1826","Clean"
"1827","BBS"
"1828","VS"
"1829","VS"
"1830","Clean"
"1831","Clean"
"1832","Clean"
"1833","BBS"
"1834","VS"
"1835","BBS"
"1836","BBS"
"1837","Clean"
"1838","Clean"
"1839","Clean"
"1840","Clean"
"1841","BBS"
"1842","BBS"
"1843","VS"
"1844","BBS"
"1845","Clean"
"1846","Clean"
"1847","BBS"
"1848","Clean"
"1849","BBS"
"1850","Clean"
"1851","Clean"
"1852","Clean"
"1853","VS"
"1854","BBS"
"1855","BBS"
"1856","Clean"
"1857","Clean"
"1858","VS"
"1859","Clean"
"1860","VS"
"1861","BBS"
"1862","VS"
"1863","VS"
"1864","Clean"
"1865","Clean"
"1866","Clean"
"1867","Clean"
"1868","Clean"
"1869","Clean"
"1870","Clean"
"1871","VS"
"1872","Clean"
"1873","VS"
"1874","VS"
"1875","Clean"
"1876","Clean"
"1877","Clean"
"1878","BBS"
"1879","Clean"
"1880","Clean"
"1881","Clean"
"1882","BBS"
"1883","BBS"
"1884","VS"
"1885","VS"
"1886","Clean"
"1887","VS"
"1888","BBS"
"1889","VS"
"1890","VS"
"1891","VS"
"1892","Clean"
"1893","BBS"
"1894","Clean"
"1895","BBS"
"1896","BBS"
"1897","Clean"
"1898","Clean"
"1899","Clean"
"1900","Clean"
"1901","BBS"
"1902","Clean"
"1903","VS"
"1904","VS"
"1905","VS"
"1906","Clean"
"1907","Clean"
"1908","Clean"
"1909","Clean"
"1910","VS"
"1911","BBS"
"1912","Clean"
"1913","VS"
"1914","Clean"
"1915","Clean"
"1916","BBS"
"1917","BBS"
"1918","Clean"
"1919","BBS"
"1920","VS"
"1921","BBS"
"1922","Clean"
"1923","Clean"
"1924","VS"
"1925","VS"
"1926","BBS"
"1927","VS"
"1928","VS"
"1929","Clean"
"1930","Clean"
"1931","VS"
"1932","BBS"
"1933","Clean"
"1934","BBS"
"1935","BBS"
"1936","BBS"
"1937","Clean"
"1938","Clean"
"1939","Clean"
"1940","VS"
"1941","VS"
"1942","VS"
"1943","Clean"
"1944","Clean"
"1945","Clean"
"1946","VS"
"1947","VS"
"1948","Clean"
"1949","Clean"
"1950","VS"
"1951","BBS"
"1952","BBS"
"1953","Clean"
"1954","VS"
"1955","Clean"
"1956","Clean"
"1957","Clean"
"1958","Clean"
"1959","VS"
"1960","VS"
"1961","VS"
"1962","Clean"
"1963","VS"
"1964","Clean"
"1965","Clean"
"1966","Clean"
"1967","Clean"
"1968","Clean"
"1969","BBS"
"1970","VS"
"1971","Clean"
"1972","Clean"
"1973","VS"
"1974","Clean"
"1975","BBS"
"1976","Clean"
"1977","BBS"
"1978","BBS"
"1979","Clean"
"1980","VS"
"1981","Clean"
"1982","Clean"
"1983","Clean"
"1984","BBS"
"1985","Clean"
"1986","Clean"
"1987","Clean"
"1988","Clean"
"1989","BBS"
"1990","Clean"
"1991","Clean"
"1992","BBS"
"1993","BBS"
"1994","Clean"
"1995","Clean"
"1996","Clean"
"1997","BBS"
"1998","VS"
"1999","VS"
"2000","Clean"
"2001","VS"
"2002","VS"
"2003","BBS"
"2004","Clean"
"2005","Clean"
"2006","BBS"
"2007","VS"
"2008","Clean"
"2009","VS"
"2010","Clean"
"2011","VS"
"2012","VS"
"2013","Clean"
"2014","Clean"
"2015","Clean"
"2016","Clean"
"2017","VS"
"2018","Clean"
"2019","Clean"
"2020","VS"
"2021","Clean"
"2022","BBS"
"2023","VS"
"2024","Clean"
"2025","Clean"
"2026","Clean"
"2027","Clean"
"2028","BBS"
"2029","VS"
"2030","BBS"
"2031","VS"
"2032","VS"
"2033","VS"
"2034","BBS"
"2035","VS"
"2036","VS"
"2037","Clean"
"2038","Clean"
"2039","Clean"
"2040","BBS"
"2041","Clean"
"2042","BBS"
"2043","Clean"
"2044","Clean"
"2045","Clean"
"2046","Clean"
"2047","BBS"
"2048","Clean"
"2049","VS"
"2050","Clean"
"2051","VS"
"2052","Clean"
"2053","Clean"
"2054","VS"
"2055","Clean"
"2056","BBS"
"2057","VS"
"2058","VS"
"2059","Clean"
"2060","Clean"
"2061","Clean"
"2062","VS"
"2063","VS"
"2064","Clean"
"2065","VS"
"2066","Clean"
"2067","Clean"
"2068","Clean"
"2069","Clean"
"2070","Clean"
"2071","Clean"
"2072","Clean"
"2073","BBS"
"2074","BBS"
"2075","Clean"
"2076","Clean"
"2077","VS"
"2078","BBS"
"2079","Clean"
"2080","Clean"
"2081","Clean"
"2082","VS"
"2083","Clean"
"2084","BBS"
"2085","VS"
"2086","BBS"
"2087","Clean"
"2088","Clean"
"2089","Clean"
"2090","BBS"
"2091","BBS"
"2092","BBS"
"2093","BBS"
"2094","Clean"
"2095","VS"
"2096","BBS"
"2097","VS"
"2098","Clean"
"2099","Clean"
"2100","Clean"
"2101","VS"
"2102","VS"
"2103","BBS"
"2104","Clean"
"2105","VS"
"2106","Clean"
"2107","Clean"
"2108","VS"
"2109","Clean"
"2110","VS"
"2111","BBS"
"2112","BBS"
"2113","VS"
"2114","BBS"
"2115","Clean"
"2116","Clean"
"2117","Clean"
"2118","Clean"
"2119","BBS"
"2120","VS"
"2121","Clean"
"2122","Clean"
"2123","Clean"
"2124","Clean"
"2125","Clean"
"2126","Clean"
"2127","BBS"
"2128","Clean"
"2129","Clean"
"2130","BBS"
"2131","Clean"
"2132","BBS"
"2133","BBS"
"2134","Clean"
"2135","VS"
"2136","Clean"
"2137","VS"
"2138","BBS"
"2139","Clean"
"2140","Clean"
"2141","Clean"
"2142","BBS"
"2143","Clean"
"2144","BBS"
"2145","VS"
"2146","VS"
"2147","BBS"
"2148","VS"
"2149","BBS"
"2150","BBS"
"2151","VS"
"2152","BBS"
"2153","VS"
"2154","VS"
"2155","VS"
"2156","Clean"
"2157","BBS"
"2158","VS"
"2159","VS"
"2160","VS"
"2161","Clean"
"2162","BBS"
"2163","BBS"
"2164","VS"
"2165","Clean"
"2166","VS"
"2167","VS"
"2168","BBS"
"2169","Clean"
"2170","Clean"
"2171","Clean"
"2172","Clean"
"2173","BBS"
"2174","VS"
"2175","Clean"
"2176","VS"
"2177","BBS"
"2178","BBS"
"2179","Clean"
"2180","Clean"
"2181","BBS"
"2182","BBS"
"2183","Clean"
"2184","Clean"
"2185","Clean"
"2186","Clean"
"2187","Clean"
"2188","Clean"
"2189","Clean"
"2190","Clean"
"2191","Clean"
"2192","BBS"
"2193","VS"
"2194","Clean"
"2195","BBS"
"2196","Clean"
"2197","Clean"
"2198","VS"
"2199","VS"
"2200","BBS"
"2201","BBS"
"2202","Clean"
"2203","Clean"
"2204","VS"
"2205","BBS"
"2206","Clean"
"2207","VS"
"2208","Clean"
"2209","VS"
"2210","BBS"
"2211","BBS"
"2212","VS"
"2213","VS"
"2214","VS"
"2215","Clean"
"2216","VS"
"2217","Clean"
"2218","Clean"
"2219","Clean"
"2220","VS"
"2221","Clean"
"2222","Clean"
"2223","Clean"
"2224","Clean"
"2225","VS"
"2226","BBS"
"2227","Clean"
"2228","VS"
"2229","BBS"
"2230","Clean"
"2231","VS"
"2232","Clean"
"2233","BBS"
"2234","VS"
"2235","BBS"
"2236","Clean"
"2237","VS"
"2238","Clean"
"2239","Clean"
"2240","BBS"
"2241","Clean"
"2242","Clean"
"2243","Clean"
"2244","Clean"
"2245","VS"
"2246","BBS"
"2247","Clean"
"2248","BBS"
"2249","Clean"
"2250","Clean"
"2251","Clean"
"2252","BBS"
"2253","Clean"
"2254","VS"
"2255","Clean"
"2256","Clean"
"2257","Clean"
"2258","Clean"
"2259","Clean"
"2260","VS"
"2261","Clean"
"2262","VS"
"2263","VS"
"2264","VS"
"2265","BBS"
"2266","Clean"
"2267","VS"
"2268","BBS"
"2269","BBS"
"2270","VS"
"2271","Clean"
"2272","VS"
"2273","VS"
"2274","Clean"
"2275","BBS"
"2276","Clean"
"2277","BBS"
"2278","BBS"
"2279","Clean"
"2280","Clean"
"2281","BBS"
"2282","Clean"
"2283","Clean"
"2284","VS"
"2285","Clean"
"2286","VS"
"2287","Clean"
"2288","BBS"
"2289","Clean"
"2290","VS"
"2291","VS"
"2292","Clean"
"2293","BBS"
"2294","BBS"
"2295","BBS"
"2296","VS"
"2297","Clean"
"2298","Clean"
"2299","BBS"
"2300","Clean"
"2301","Clean"
"2302","Clean"
"2303","BBS"
"2304","Clean"
"2305","VS"
"2306","Clean"
"2307","Clean"
"2308","BBS"
"2309","VS"
"2310","BBS"
"2311","Clean"
"2312","VS"
"2313","VS"
"2314","BBS"
"2315","VS"
"2316","Clean"
"2317","Clean"
"2318","Clean"
"2319","VS"
"2320","BBS"
"2321","VS"
"2322","VS"
"2323","Clean"
"2324","VS"
"2325","Clean"
"2326","Clean"
"2327","Clean"
"2328","Clean"
"2329","VS"
"2330","VS"
"2331","Clean"
"2332","Clean"
"2333","BBS"
"2334","Clean"
"2335","Clean"
"2336","BBS"
"2337","Clean"
"2338","BBS"
"2339","Clean"
"2340","VS"
"2341","BBS"
"2342","VS"
"2343","BBS"
"2344","Clean"
"2345","Clean"
"2346","VS"
"2347","Clean"
"2348","VS"
"2349","Clean"
"2350","BBS"
"2351","Clean"
"2352","Clean"
"2353","Clean"
"2354","Clean"
"2355","Clean"
"2356","Clean"
"2357","BBS"
"2358","Clean"
"2359","BBS"
"2360","Clean"
"2361","Clean"
"2362","Clean"
"2363","VS"
"2364","Clean"
"2365","VS"
"2366","Clean"
"2367","Clean"
"2368","Clean"
"2369","Clean"
"2370","Clean"
"2371","Clean"
"2372","Clean"
"2373","Clean"
"2374","Clean"
"2375","Clean"
"2376","BBS"
"2377","BBS"
"2378","VS"
"2379","BBS"
"2380","Clean"
"2381","BBS"
"2382","BBS"
"2383","BBS"
"2384","Clean"
"2385","Clean"
"2386","Clean"
"2387","BBS"
"2388","VS"
"2389","Clean"
"2390","Clean"
"2391","VS"
"2392","BBS"
"2393","Clean"
"2394","BBS"
"2395","VS"
"2396","BBS"
"2397","Clean"
"2398","Clean"
"2399","VS"
"2400","Clean"
"2401","Clean"
"2402","Clean"
"2403","Clean"
"2404","VS"
"2405","Clean"
"2406","BBS"
"2407","Clean"
"2408","Clean"
"2409","VS"
"2410","Clean"
"2411","Clean"
"2412","Clean"
"2413","BBS"
"2414","VS"
"2415","VS"
"2416","BBS"
"2417","VS"
"2418","BBS"
"2419","BBS"
"2420","Clean"
"2421","BBS"
"2422","Clean"
"2423","VS"
"2424","Clean"
"2425","Clean"
"2426","BBS"
"2427","VS"
"2428","BBS"
"2429","VS"
"2430","Clean"
"2431","Clean"
"2432","VS"
"2433","BBS"
"2434","Clean"
"2435","BBS"
"2436","VS"
"2437","Clean"
"2438","Clean"
"2439","Clean"
"2440","VS"
"2441","BBS"
"2442","VS"
"2443","Clean"
"2444","Clean"
"2445","Clean"
"2446","VS"
"2447","Clean"
"2448","BBS"
"2449","BBS"
"2450","BBS"
"2451","VS"
"2452","Clean"
"2453","Clean"
"2454","VS"
"2455","Clean"
"2456","Clean"
"2457","Clean"
"2458","VS"
"2459","BBS"
"2460","Clean"
"2461","BBS"
"2462","Clean"
"2463","Clean"
"2464","BBS"
"2465","Clean"
"2466","Clean"
"2467","Clean"
"2468","VS"
"2469","VS"
"2470","Clean"
"2471","BBS"
"2472","Clean"
"2473","BBS"
"2474","Clean"
"2475","Clean"
"2476","VS"
"2477","Clean"
"2478","VS"
"2479","BBS"
"2480","Clean"
"2481","Clean"
"2482","Clean"
"2483","Clean"
"2484","Clean"
"2485","VS"
"2486","BBS"
"2487","BBS"
"2488","VS"
"2489","VS"
"2490","BBS"
"2491","Clean"
"2492","VS"
"2493","BBS"
"2494","BBS"
"2495","BBS"
"2496","BBS"
"2497","BBS"
"2498","Clean"
"2499","Clean"
"2500","VS"
"2501","VS"
"2502","Clean"
"2503","BBS"
"2504","BBS"
"2505","Clean"
"2506","Clean"
"2507","Clean"
"2508","BBS"
"2509","Clean"
"2510","Clean"
"2511","Clean"
"2512","VS"
"2513","Clean"
"2514","BBS"
"2515","Clean"
"2516","Clean"
"2517","VS"
"2518","Clean"
"2519","Clean"
"2520","Clean"
"2521","BBS"
"2522","Clean"
"2523","VS"
"2524","BBS"
"2525","VS"
"2526","Clean"
"2527","Clean"
"2528","Clean"
"2529","Clean"
"2530","Clean"
"2531","BBS"
"2532","BBS"
"2533","VS"
"2534","VS"
"2535","Clean"
"2536","Clean"
"2537","Clean"
"2538","VS"
"2539","BBS"
"2540","BBS"
"2541","VS"
"2542","VS"
"2543","BBS"
"2544","Clean"
"2545","BBS"
"2546","Clean"
"2547","VS"
"2548","Clean"
"2549","Clean"
"2550","BBS"
"2551","Clean"
"2552","Clean"
"2553","BBS"
"2554","Clean"
"2555","VS"
"2556","Clean"
"2557","BBS"
"2558","VS"
"2559","VS"
"2560","VS"
"2561","Clean"
"2562","VS"
"2563","Clean"
"2564","BBS"
"2565","Clean"
"2566","BBS"
"2567","VS"
"2568","BBS"
"2569","BBS"
"2570","Clean"
"2571","VS"
"2572","Clean"
"2573","Clean"
"2574","Clean"
"2575","VS"
"2576","Clean"
"2577","VS"
"2578","Clean"
"2579","Clean"
"2580","Clean"
"2581","Clean"
"2582","Clean"
"2583","Clean"
"2584","VS"
"2585","Clean"
"2586","VS"
"2587","BBS"
"2588","VS"
"2589","VS"
"2590","BBS"
"2591","Clean"
"2592","Clean"
"2593","Clean"
"2594","BBS"
"2595","Clean"
"2596","Clean"
"2597","Clean"
"2598","Clean"
"2599","VS"
"2600","Clean"
"2601","BBS"
"2602","BBS"
"2603","VS"
"2604","BBS"
"2605","BBS"
"2606","Clean"
"2607","VS"
"2608","Clean"
"2609","Clean"
"2610","Clean"
"2611","BBS"
"2612","Clean"
"2613","Clean"
"2614","Clean"
"2615","Clean"
"2616","VS"
"2617","BBS"
"2618","VS"
"2619","Clean"
"2620","VS"
"2621","Clean"
"2622","Clean"
"2623","BBS"
"2624","BBS"
"2625","Clean"
"2626","VS"
"2627","Clean"
"2628","Clean"
"2629","BBS"
"2630","BBS"
"2631","Clean"
"2632","VS"
"2633","BBS"
"2634","Clean"
"2635","BBS"
"2636","BBS"
"2637","VS"
"2638","BBS"
"2639","Clean"
"2640","Clean"
"2641","VS"
"2642","Clean"
"2643","Clean"
"2644","VS"
"2645","Clean"
"2646","BBS"
"2647","Clean"
"2648","Clean"
"2649","VS"
"2650","VS"
"2651","VS"
"2652","VS"
"2653","Clean"
"2654","VS"
"2655","VS"
"2656","Clean"
"2657","BBS"
"2658","Clean"
"2659","BBS"
"2660","VS"
"2661","BBS"
"2662","VS"
"2663","BBS"
"2664","Clean"
"2665","VS"
"2666","BBS"
"2667","BBS"
"2668","BBS"
"2669","VS"
"2670","Clean"
"2671","BBS"
"2672","BBS"
"2673","Clean"
"2674","Clean"
"2675","BBS"
"2676","VS"
"2677","Clean"
"2678","Clean"
"2679","Clean"
"2680","Clean"
"2681","Clean"
"2682","BBS"
"2683","Clean"
"2684","Clean"
"2685","Clean"
"2686","Clean"
"2687","VS"
"2688","Clean"
"2689","Clean"
"2690","Clean"
"2691","BBS"
"2692","VS"
"2693","BBS"
"2694","VS"
"2695","Clean"
"2696","Clean"
"2697","Clean"
"2698","Clean"
"2699","VS"
"2700","Clean"
"2701","VS"
"2702","BBS"
"2703","Clean"
"2704","Clean"
"2705","BBS"
"2706","Clean"
"2707","BBS"
"2708","Clean"
"2709","Clean"
"2710","VS"
"2711","VS"
"2712","BBS"
"2713","Clean"
"2714","BBS"
"2715","Clean"
"2716","VS"
"2717","BBS"
"2718","BBS"
"2719","Clean"
"2720","VS"
"2721","VS"
"2722","Clean"
"2723","Clean"
"2724","Clean"
"2725","Clean"
"2726","Clean"
"2727","VS"
"2728","Clean"
"2729","Clean"
"2730","BBS"
"2731","Clean"
"2732","BBS"
"2733","Clean"
"2734","BBS"
"2735","BBS"
"2736","BBS"
"2737","Clean"
"2738","Clean"
"2739","Clean"
"2740","Clean"
"2741","BBS"
"2742","Clean"
"2743","VS"
"2744","Clean"
"2745","Clean"
"2746","Clean"
"2747","VS"
"2748","Clean"
"2749","Clean"
"2750","BBS"
"2751","VS"
"2752","Clean"
"2753","VS"
"2754","Clean"
"2755","Clean"
"2756","Clean"
"2757","Clean"
"2758","Clean"
"2759","Clean"
"2760","Clean"
"2761","BBS"
"2762","VS"
"2763","Clean"
"2764","BBS"
"2765","Clean"
"2766","Clean"
"2767","BBS"
"2768","BBS"
"2769","Clean"
"2770","Clean"
"2771","BBS"
"2772","Clean"
"2773","VS"
"2774","Clean"
"2775","Clean"
"2776","Clean"
"2777","Clean"
"2778","Clean"
"2779","VS"
"2780","VS"
"2781","Clean"
"2782","BBS"
"2783","Clean"
"2784","Clean"
"2785","Clean"
"2786","Clean"
"2787","Clean"
"2788","BBS"
"2789","Clean"
"2790","VS"
"2791","VS"
"2792","BBS"
"2793","VS"
"2794","Clean"
"2795","Clean"
"2796","Clean"
"2797","BBS"
"2798","Clean"
"2799","Clean"
"2800","Clean"
"2801","BBS"
"2802","Clean"
"2803","Clean"
"2804","Clean"
"2805","VS"
"2806","VS"
"2807","VS"
"2808","Clean"
"2809","Clean"
"2810","BBS"
"2811","Clean"
"2812","Clean"
"2813","Clean"
"2814","Clean"
"2815","VS"
"2816","Clean"
"2817","BBS"
"2818","BBS"
"2819","Clean"
"2820","BBS"
"2821","Clean"
"2822","VS"
"2823","VS"
"2824","Clean"
"2825","VS"
"2826","Clean"
"2827","BBS"
"2828","Clean"
"2829","Clean"
"2830","Clean"
"2831","BBS"
"2832","Clean"
"2833","BBS"
"2834","VS"
"2835","BBS"
"2836","Clean"
"2837","BBS"
"2838","VS"
"2839","BBS"
"2840","Clean"
"2841","Clean"
"2842","Clean"
"2843","Clean"
"2844","BBS"
"2845","Clean"
"2846","Clean"
"2847","Clean"
"2848","Clean"
"2849","BBS"
"2850","Clean"
"2851","Clean"
"2852","VS"
"2853","BBS"
"2854","VS"
"2855","VS"
"2856","Clean"
"2857","BBS"
"2858","VS"
"2859","VS"
"2860","Clean"
"2861","BBS"
"2862","Clean"
"2863","BBS"
"2864","VS"
"2865","Clean"
"2866","VS"
"2867","Clean"
"2868","VS"
"2869","BBS"
"2870","VS"
"2871","Clean"
"2872","BBS"
"2873","BBS"
"2874","Clean"
"2875","Clean"
"2876","VS"
"2877","Clean"
"2878","BBS"
"2879","Clean"
"2880","Clean"
"2881","BBS"
"2882","VS"
"2883","Clean"
"2884","Clean"
"2885","BBS"
"2886","VS"
"2887","BBS"
"2888","Clean"
"2889","Clean"
"2890","Clean"
"2891","Clean"
"2892","Clean"
"2893","Clean"
"2894","Clean"
"2895","Clean"
"2896","Clean"
"2897","BBS"
"2898","VS"
"2899","Clean"
"2900","VS"
"2901","Clean"
"2902","Clean"
"2903","BBS"
"2904","BBS"
"2905","Clean"
"2906","BBS"
"2907","BBS"
"2908","Clean"
"2909","Clean"
"2910","Clean"
"2911","Clean"
"2912","Clean"
"2913","BBS"
"2914","Clean"
"2915","VS"
"2916","VS"
"2917","VS"
"2918","Clean"
"2919","Clean"
"2920","VS"
"2921","BBS"
"2922","Clean"
"2923","Clean"
"2924","VS"
"2925","VS"
"2926","Clean"
"2927","BBS"
"2928","VS"
"2929","Clean"
"2930","Clean"
"2931","BBS"
"2932","Clean"
"2933","BBS"
"2934","Clean"
"2935","BBS"
"2936","Clean"
"2937","BBS"
"2938","VS"
"2939","VS"
"2940","VS"
"2941","Clean"
"2942","VS"
"2943","Clean"
"2944","BBS"
"2945","VS"
"2946","Clean"
"2947","VS"
"2948","VS"
"2949","BBS"
"2950","BBS"
"2951","Clean"
"2952","Clean"
"2953","VS"
"2954","Clean"
"2955","BBS"
"2956","Clean"
"2957","BBS"
"2958","BBS"
"2959","Clean"
"2960","BBS"
"2961","Clean"
"2962","Clean"
"2963","Clean"
"2964","Clean"
"2965","VS"
"2966","Clean"
"2967","VS"
"2968","BBS"
"2969","BBS"
"2970","VS"
"2971","BBS"
"2972","Clean"
"2973","Clean"
"2974","BBS"
"2975","Clean"
"2976","Clean"
"2977","Clean"
"2978","BBS"
"2979","Clean"
"2980","VS"
"2981","VS"
"2982","Clean"
"2983","Clean"
"2984","Clean"
"2985","Clean"
"2986","BBS"
"2987","BBS"
"2988","Clean"
"2989","Clean"
"2990","BBS"
"2991","BBS"
"2992","BBS"
"2993","Clean"
"2994","Clean"
"2995","Clean"
"2996","Clean"
"2997","Clean"
"2998","BBS"
"2999","Clean"
"3000","Clean"
"3001","BBS"
"3002","VS"
"3003","Clean"
"3004","BBS"
"3005","Clean"
"3006","BBS"
"3007","BBS"
"3008","Clean"
"3009","Clean"
"3010","Clean"
"3011","Clean"
"3012","Clean"
"3013","Clean"
"3014","Clean"
"3015","Clean"
"3016","BBS"
"3017","BBS"
"3018","VS"
"3019","VS"
"3020","Clean"
"3021","BBS"
"3022","BBS"
"3023","Clean"
"3024","BBS"
"3025","Clean"
"3026","Clean"
"3027","VS"
"3028","Clean"
"3029","BBS"
"3030","Clean"
"3031","Clean"
"3032","BBS"
"3033","VS"
"3034","Clean"
"3035","BBS"
"3036","VS"
"3037","BBS"
"3038","BBS"
"3039","VS"
"3040","Clean"
"3041","BBS"
"3042","VS"
"3043","BBS"
"3044","BBS"
"3045","BBS"
"3046","Clean"
"3047","VS"
"3048","BBS"
"3049","VS"
"3050","BBS"
"3051","VS"
"3052","Clean"
"3053","VS"
"3054","BBS"
"3055","VS"
"3056","VS"
"3057","BBS"
"3058","Clean"
"3059","Clean"
"3060","VS"
"3061","BBS"
"3062","Clean"
"3063","Clean"
"3064","Clean"
"3065","VS"
"3066","Clean"
"3067","Clean"
"3068","Clean"
"3069","VS"
"3070","VS"
"3071","Clean"
"3072","VS"
"3073","Clean"
"3074","Clean"
"3075","Clean"
"3076","VS"
"3077","BBS"
"3078","Clean"
"3079","VS"
"3080","Clean"
"3081","Clean"
"3082","VS"
"3083","Clean"
"3084","VS"
"3085","BBS"
"3086","Clean"
"3087","Clean"
"3088","VS"
"3089","Clean"
"3090","Clean"
"3091","Clean"
"3092","BBS"
"3093","Clean"
"3094","Clean"
"3095","Clean"
"3096","Clean"
"3097","Clean"
"3098","Clean"
"3099","VS"
"3100","Clean"
"3101","VS"
"3102","BBS"
"3103","Clean"
"3104","BBS"
"3105","BBS"
"3106","VS"
"3107","VS"
"3108","VS"
"3109","BBS"
"3110","BBS"
"3111","Clean"
"3112","Clean"
"3113","Clean"
"3114","VS"
"3115","VS"
"3116","VS"
"3117","VS"
"3118","VS"
"3119","BBS"
"3120","VS"
"3121","VS"
"3122","BBS"
"3123","Clean"
"3124","BBS"
"3125","VS"
"3126","VS"
"3127","Clean"
"3128","BBS"
"3129","Clean"
"3130","Clean"
"3131","BBS"
"3132","VS"
"3133","VS"
"3134","VS"
"3135","Clean"
"3136","Clean"
"3137","VS"
"3138","BBS"
"3139","Clean"
"3140","BBS"
"3141","Clean"
"3142","Clean"
"3143","Clean"
"3144","Clean"
"3145","Clean"
"3146","Clean"
"3147","VS"
"3148","BBS"
"3149","Clean"
"3150","Clean"
"3151","VS"
"3152","Clean"
"3153","Clean"
"3154","Clean"
"3155","BBS"
"3156","Clean"
"3157","Clean"
"3158","BBS"
"3159","Clean"
"3160","Clean"
"3161","VS"
"3162","Clean"
"3163","BBS"
"3164","BBS"
"3165","Clean"
"3166","Clean"
"3167","Clean"
"3168","BBS"
"3169","Clean"
"3170","VS"
"3171","Clean"
"3172","Clean"
"3173","BBS"
"3174","VS"
"3175","Clean"
"3176","VS"
"3177","VS"
"3178","BBS"
"3179","VS"
"3180","VS"
"3181","Clean"
"3182","Clean"
"3183","VS"
"3184","BBS"
"3185","BBS"
"3186","VS"
"3187","Clean"
"3188","BBS"
"3189","Clean"
"3190","BBS"
"3191","BBS"
"3192","Clean"
"3193","BBS"
"3194","Clean"
"3195","BBS"
"3196","VS"
"3197","VS"
"3198","BBS"
"3199","BBS"
"3200","Clean"
"3201","BBS"
"3202","Clean"
"3203","BBS"
"3204","VS"
"3205","Clean"
"3206","Clean"
"3207","VS"
"3208","Clean"
"3209","BBS"
"3210","Clean"
"3211","Clean"
"3212","Clean"
"3213","Clean"
"3214","Clean"
"3215","Clean"
"3216","VS"
"3217","VS"
"3218","Clean"
"3219","Clean"
"3220","Clean"
"3221","VS"
"3222","Clean"
"3223","BBS"
"3224","VS"
"3225","BBS"
"3226","Clean"
"3227","Clean"
"3228","BBS"
"3229","VS"
"3230","Clean"
"3231","Clean"
"3232","BBS"
"3233","VS"
"3234","BBS"
"3235","Clean"
"3236","Clean"
"3237","Clean"
"3238","Clean"
"3239","VS"
"3240","Clean"
"3241","BBS"
"3242","VS"
"3243","Clean"
"3244","Clean"
"3245","Clean"
"3246","Clean"
"3247","Clean"
"3248","Clean"
"3249","Clean"
"3250","BBS"
"3251","Clean"
"3252","Clean"
"3253","Clean"
"3254","Clean"
"3255","Clean"
"3256","VS"
"3257","VS"
"3258","VS"
"3259","Clean"
"3260","BBS"
"3261","Clean"
"3262","Clean"
"3263","VS"
"3264","Clean"
"3265","Clean"
"3266","Clean"
"3267","BBS"
"3268","BBS"
"3269","Clean"
"3270","Clean"
"3271","Clean"
"3272","Clean"
"3273","Clean"
"3274","Clean"
"3275","VS"
"3276","BBS"
"3277","VS"
"3278","Clean"
"3279","BBS"
"3280","Clean"
"3281","Clean"
"3282","BBS"
"3283","Clean"
"3284","Clean"
"3285","BBS"
"3286","BBS"
"3287","Clean"
"3288","Clean"
"3289","Clean"
